,,,,,
,الشركة,المقر (المدينة/المنطقة),العنوان التفصيلي (إن وُجد),الموقع الإلكتروني,
,MENA Venture Investments,دبي، الإمارات,2302 A Business Central Towers، Media City، دبي pitchbook+1,https://menavc.com,
,Global Ventures Africa,دبي، الإمارات,6 Falak Building، Dubai Internet City، ص.ب 500660، دبي global,https://global.vc,
,Nuwa Capital,دبي، الإمارات,"Unit IH-00-01-08-OF-02, Level 8, DIFC، ص.ب 507191، دبي arabianwallstreet",https://nuwacapital.io,
,COTU Ventures,دبي، الإمارات,One Central، دبي / المبنى 12، شارع الراية، سيتي ووك، دبي cbinsights+2,https://www.cotu.vc,
,VentureSouq,دبي، الإمارات,OneJLT Building، الطابق الثاني، JLT، دبي sharikatmubasher+1,https://www.venturesouq.com,
,MENA Tech Fund,لندن، المملكة المتحدة (مقر رئيسي),1 Frederick’s Place، London EC2R 8AE cbinsights+1,https://menatechfund.com,
,DASH Ventures,دبي، الإمارات (مقر إقليمي),دبي، الإمارات (مكتب رئيسي مُدرَج في دبي) privateequityinternational+2,https://dashventures.com,
,Sarmayacar,الإمارات / المنطقة,مقر إقليمي في دبي/المنطقة (العنوان التفصيلي غير مُعلن بشكل رسمي في المصادر المفتوحة) linkedin,https://www.sarmayacar.com,
,Oraseya Capital,دبي، الإمارات,دبي، الإمارات (العنوان التفصيلي غير مُعلن بشكل رسمي في المصادر المفتوحة) gulfleads,https://oraseya.com,
,Emirates Development Bank – EDB,أبوظبي، الإمارات,Mubadala Tower، Hazza Bin Zayed Street، أبوظبي، ص.ب 51515 edb.gov+2,https://www.edb.gov.ae,
,Emirates Investment Bank,دبي، الإمارات,"Level 15, Festival Tower، Dubai Festival City، ص.ب 5503، دبي lei.bloomberg+2",https://www.emiratesinvestmentbank.com,
,Mubadala Capital,أبوظبي، الإمارات,Al Maryah Island، Al Sila Tower، الطابق 13، أبوظبي sec+2,https://www.mubadalacapital.com,
,Falcon Ventures,الرياض، السعودية,الرياض، السعودية (العنوان التفصيلي غير مُعلن بشكل رسمي في المصادر المفتوحة) emis,https://falcon.ventures,
,Derayah Ventures,الرياض، السعودية,"Second Floor, Olaya Center, Olaya Street، ص.ب 286546، الرياض 11323 cbinsights+2",https://www.derayah.com,
,Sukna Ventures,الرياض، السعودية,"Narjis View, Narjis، الرياض 13336 / Regus, The Esplanade, Prince Turki Ibn Abdulaziz Al Awwal Road، الرياض 12371 cbinsights+2",https://sukna.vc,
,RZM Investment,الرياض، السعودية,"Alhassan bin Ali Street, AlRawdhah (Exit 11)، الرياض 13213 emis+2",https://rzm.com.sa,
,Al-Rumaih Investment,السعودية,العنوان التفصيلي غير مُعلن بشكل رسمي في المصادر المفتوحة (مقر رئيسي في السعودية) emis,https://alrumaih.com,
,Wa'ed Ventures,الظهران، السعودية,"Innovation Cluster Building, Dhahran Techno Valley، الظهران 31311 / 8783 Ibn Alhaitham Street، DTV، الظهران 34464 emis+2",https://www.waed.com,
,SAB Invest,الرياض، السعودية,"RAYA7383, King Fahd Branch Road, Al Yasmeen، ص.ب 13325، الرياض sab+2",https://www.sabinvest.com,
,SNB Capital,الرياض، السعودية,"King Saud Road, Regional Building، ص.ب 22216، الرياض 11495 / King Abdullah Financial Center, King Fahd Road، الرياض 13511 sec+2",https://www.alahlicapital.com,
,ADQ Growth,أبوظبي، الإمارات,Khaleej Al Arabi، Capital Gate Building، ص.ب 164، أبوظبي cbinsights+1,https://www.adq.ae,
,BECO Capital,دبي، الإمارات,"Office 105, Offices 4, One Central، Dubai World Trade Center، ص.ب 333357، دبي cbinsights+2",https://www.becocapital.com,
,Wamda Capital,دبي، الإمارات,"Building 7, 2nd Floor, Office 208B، Dubai Design District (d3)، ص.ب 333231، دبي linkedin+2",https://www.wamda.com,
,Flat6Labs Abu Dhabi,أبوظبي، الإمارات,"Etihad Airways Center، Floor 7، Al Muneera، أبوظبي / Sky Tower, Shams Abu Dhabi, Reem Island, Floor 22 adgm+2",https://flat6labs.com,
,,,,,
,,,,,
,الشركة,المقر (المدينة/المنطقة),العنوان التفصيلي (إن وُجد),الموقع الإلكتروني,
,Vision Ventures,الدمام، السعودية,"2nd Floor, Al-Dabal Commercial Tower (ACT), Prince Mohammad Street، الدمام 32425 pitchbook+2",https://visionventures.co,
,Merak Capital,الرياض، السعودية,"2nd Floor, 6959 Prince Turki Ibn Abdulaziz Al Awwal Rd, Al Mohammadiyyah، الرياض 12364 emis+2",https://merakcapital.com,
,Shorooq Partners – Saudi,أبوظبي (مقر رئيسي) / الرياض (مكتب),"المقر الرئيسي: 14th Floor, Al Sarab Tower, ADGM Square، أبوظبي / مكتب الرياض: Office 16, The Image Plaza, Al Takhassusi Street، الرياض adgm+2",https://www.shorooq.com,
,Sadu Capital,الرياض، السعودية,"Mandrin Business Center, 1st Floor, King Abdulaziz Road, King Salman District، الرياض 12434 privateequityinternational+2",https://saducapital.com,
,RAED Ventures,الرياض، السعودية,"Anas Ibn Malik Road, Al Malqa، الرياض 11564 / Synergy Building، الرياض 13521 privateequityinternational+2",https://raedventures.com,
,Khwarizmi Ventures,الرياض / الدمام، السعودية,"الرياض: Al Aqiq، الرياض 13515 / الدمام: Abu Hafs bn Burd Street, Al Khaldeyah Al Janubiyah، ص.ب 9691، الدمام 31423 pitchbook+2",https://khwarizmiventures.com,
,Hala Auto / Hala Auto Finance,الرياض، السعودية,"6533 Al Olaya، الرياض 12251 / فرع العليا: Al Takhassusi Street, Olaya، الرياض 12311 lei.bloomberg+2",https://hala.com,
,الشركة,المقر (المدينة/المنطقة),العنوان التفصيلي (إن وُجد),الموقع الإلكتروني,
,Egypt Ventures,القاهرة، مصر,"The Greek Campus, 28 Falaki Street, Bab El Louk، القاهرة 11513 pitchbook+2",https://egyptventures.com,
,Alex Angels,الإسكندرية، مصر,"15 Saleh Basha St., Zizenia، الإسكندرية signalhire+2",https://alexangels.com,
,الشركة,المقر (المدينة/المنطقة),العنوان التفصيلي (إن وُجد),الموقع الإلكتروني,
,Acasia Ventures,القاهرة، مصر,"Consoleya, 5 El-Fadl, Bab Al Louq, Abdeen، القاهرة 11513 privateequityinternational+2",https://acasiaventures.com,
,DisrupTech,القاهرة، مصر,"Capital Business Park, B3, 4th Floor, Sheikh Zayed، الجيزة / المقر: القاهرة linkedin+1",https://disruptechfund.com,
,Foundation Ventures,القاهرة، مصر,"Building 10, Road 212, Maadi، القاهرة / 23a Ismail Mohamed Street, El Zamalek، القاهرة cbinsights+2",https://foundationventures.com,
,Algebra Ventures,القاهرة، مصر,القاهرة، مصر (العنوان التفصيلي غير مُعلن بشكل رسمي في المصادر المفتوحة) privateequityinternational,https://algebraventures.com,
,Sawari Ventures,القاهرة، مصر,"1 Dr. Mohamed Sobhy Street, Giza، الجيزة / One Drive Mohamed Sobhy, 4th Floor، القاهرة pitchbook+2",https://www.sawari.com,
,الشركة,المقر (المدينة/المنطقة),العنوان التفصيلي (إن وُجد),الموقع الإلكتروني,
,Launch Africa Ventures,إيبين، موريشيوس,"C/o Apex Fund & Corporate Services, Lot 15 A3, 1st Floor, Cybercity، إيبين 72201 / 6th Floor, GFin Tower, Hotel Street، إيبين pitchbook+2",https://launchafrica.vc,
,Janngo Capital,أبيدجان، ساحل العاج,"57, Rue du Dr Blanchard، أبيدجان cbinsights+2",https://www.janngo.com,
,الشركة,المقر (المدينة/المنطقة),العنوان التفصيلي (إن وُجد),الموقع الإلكتروني,
,Flat6Labs Bahrain,المنامة، البحرين,"15th Floor, NBB Towers, Government Avenue، المنامة naukrigulf+1",https://flat6labs.com,
,Tenmou,المنامة، البحرين,"The Terminal, Block 338, Adliya، المنامة pitchbook+2",https://www.tenmou.me,
,Hope Ventures,المنامة، البحرين,"Building 2102, Road 2825, Flat 1390, Block 428, Al Seef، المنامة / Building 1144, Road 4617, Flat 12، المنامة pitchbook+2",https://hopefund.bh,
,Bahrain Development Bank – BDB,المنامة، البحرين,"Building 170, Road 1703, Diplomatic Area، ص.ب 20501، المنامة wikipedia+2",https://www.bdb-bh.com,
,الشركة,المقر (المدينة/المنطقة),العنوان التفصيلي (إن وُجد),الموقع الإلكتروني,
,Wamda Capital,دبي، الإمارات,"Building 7, 2nd Floor, Office 208B, Dubai Design District (d3)، ص.ب 333231، دبي cbinsights+2",https://www.wamdacapital.com,
,Global Ventures,دبي، الإمارات,"6 Falak Building / The Edge Building, Dubai Internet City، ص.ب 500660، دبي pitchbook+2",https://global.vc,
,BECO Capital,دبي، الإمارات,"Office 105, Offices 4, One Central, Near World Trade Center، دبي",https://www.becocapital.com,
,Shorooq Partners,أبوظبي، الإمارات,"14th Floor, Al Sarab Tower, ADGM Square, Al Maryah Island، أبوظبي",https://www.shorooq.com,
,Plus VC,أبوظبي، الإمارات,"14th Floor, WeWork Hub71, Al Khatem Tower, ADGM Square, Al Maryah Island، أبوظبي adgm+2",https://www.plus.vc,
,VentureFriends,أثينا، اليونان (مقر رئيسي),المقر الرئيسي: أثينا، اليونان / يستثمر في MENA بما فيها الإمارات، لكن لا مقر رسمي مُعلن في دبي privateequityinternational+2,https://venturefriends.vc,
,MEVP (Middle East Venture Partners),دبي، الإمارات,"Emirates Financial Towers, South Tower, Suite 2402, DIFC، دبي / North Tower, Suite 703, DIFC sec+2",https://www.mevp.com,
,Watar Partners,دبي / الرياض,"دبي: Suite 105, Offices 5, One Central, Sheikh Zayed Road، دبي / الرياض (مقر رئيسي): Masharik Tower, 3rd Floor, King Fahd Road، الرياض adgm+2",https://watarpartners.com,
,Mubadala,أبوظبي، الإمارات,"P.O. Box 45005، أبوظبي / Al Maryah Island, Al Sila Tower، أبوظبي",https://www.mubadala.com,
,ADQ,أبوظبي، الإمارات,"Khaleej Al Arabi, Capital Gate Building, P.O. Box 164، أبوظبي",https://www.adq.ae,
,Hub71,أبوظبي، الإمارات,"Al Khatem Tower, 9th/15th Floor, ADGM Square, Al Maryah Island، أبوظبي cbinsights+2",https://hub71.com,
,DFDF (Dubai Future District Fund),دبي، الإمارات,"Gate Precinct Building 3, Suite 501A, DIFC، ص.ب 506627، دبي pitchbook+2",https://dfdf.vc,
,الشركة,المقر (المدينة/المنطقة),العنوان التفصيلي (إن وُجد),الموقع الإلكتروني,
,Flat6Labs Saudi,الرياض، السعودية,الرياض، السعودية (العنوان التفصيلي غير مُعلن بشكل رسمي في المصادر المفتوحة) flat6labs,https://flat6labs.com,
,Impact46,الرياض، السعودية,"Laysen Valley, Building #23, 3rd Floor, King Khaled Road، الرياض 12329 privateequityinternational+2",https://impact46.co,
,STV,الرياض، السعودية,الرياض، السعودية (العنوان التفصيلي غير مُعلن بشكل رسمي في المصادر المفتوحة) privateequityinternational,https://stv.vc,
,RVC (Riyadh Valley Company),الرياض، السعودية,"Innovation Tower, Riyadh Techno Valley, King Saud University، الرياض 11613 / Ibn Roushed Ave, King Saud University، الرياض 12373 linkedin+2",https://rvc.com.sa,
,Dubai Future Foundation,دبي، الإمارات,"5th Floor, Emirates Towers, Sheikh Zayed Road، دبي / Sheikh Zayed Road, Zabeel، دبي dubaifuture+2",https://www.dubaifuture.ae,
,Flat6Labs Cairo,الجيزة، مصر,"1 Dr. Mohamed Sobhy Street, Flat 5، الجيزة zawya+2",https://flat6labs.com,
,Sawari Ventures,القاهرة، مصر,"1 Dr. Mohamed Sobhy Street, Giza، الجيزة / One Drive Mohamed Sobhy, 4th Floor، القاهرة",https://www.sawari.com,
,Algebra Ventures,القاهرة، مصر,القاهرة، مصر (العنوان التفصيلي غير مُعلن بشكل رسمي في المصادر المفتوحة),https://algebraventures.com,
,DisrupTech,القاهرة، مصر,"Capital Business Park, B3, 4th Floor, Sheikh Zayed، الجيزة / المقر: القاهرة",https://disruptechfund.com,
,Cairo Angels,القاهرة، مصر,"28 Falaki Street, Bab El Louk, Office 204, Falaki Building، القاهرة 11513 eina4jobs+2",https://cairoangels.com,
,Nclude VC,القاهرة، مصر,"Villa M by Marakez, Omar Al Khayam Street, Zamalek، القاهرة cbinsights+2",https://nclude.vc,
,UI Investments,القاهرة، مصر,"334 Signature Building, 5th Floor, Sharik Hub, South 90th Street, New Cairo، القاهرة / Platz Business Park, 5th Settlement، القاهرة cbinsights+2",https://ui-investments.com,
,Endure Capital,القاهرة / بالو ألتو، الولايات المتحدة,"Cairo: District5 - Marakez, Ain El Sokhna Rd, New Cairo 3، القاهرة 11865 / Palo Alto: Hamilton Ave, Palo Alto, CA 94301، USA / Dubai: Business Center 1, M Floor, The Meydan Hotel، دبي endurecap+2",https://endurecap.com,
,الشركة,المقر (المدينة/المنطقة),العنوان التفصيلي (إن وُجد),الموقع الإلكتروني,
,AfricInvest,تونس، تونس,"Immeuble Integra, Centre Urbain Nord، تونس 1082 / North Urban Center، تونس 1082 cbinsights+2",https://www.africinvest.com,
,Mediterrania Capital Partners,تونس / المنطقة (مقر رئيسي: مالطا),المقر الرئيسي: Ta Xbiex، مالطا / مكاتب في: تونس، الدار البيضاء، الجزائر، أبيدجان، برشلونة، موريشيوس teaserclub+2,https://www.mcapitalp.com,
,الشركة,المقر (المدينة/المنطقة),العنوان التفصيلي (إن وُجد),الموقع الإلكتروني,
,Ithmar Capital,الرباط، المغرب,"N° 50 Rocade Sud, Rabat – Casablanca, Immeubles D, Zénith Rabat Souissi، الرباط 10100 ifswf+2",https://www.ithmar.gov.ma,
,212Founders,الدار البيضاء، المغرب,"6ème étage, 60 Main Street, CFC، الدار البيضاء 20250 / 179 Angle des Boulevards de Londres et de la Résistance، الدار البيضاء 20250 linkedin+2",https://212founders.co,
,CDG Invest,الرباط، المغرب,"Mahaj Ryad Center, Immeuble Business 7, 3ème Etage, Hay Riad، الرباط 10100 linkedin+2",https://www.cdg-invest.ma,
,Azur Innovation Fund,الدار البيضاء، المغرب,"117, Avenue Hassan II, Immeuble Blue Park, 11th Floor، الدار البيضاء 20370 pitchbook+1",https://azurinnovationfund.com,
,الشركة,المقر (المدينة/المنطقة),العنوان التفصيلي (إن وُجد),الموقع الإلكتروني,
,Arzan Venture Capital,الكويت (مدينة الكويت),"Arzan Tower, 12th Floor, Ahmad Al-Jabber Street, Al Sharq، ص.ب 26442، صفاة 13125، الكويت arzan.com+1",https://arzanvc.com,
,KISP Ventures,الكويت (مدينة الكويت),"KIPCO Tower, 25th Floor / 33rd Floor, Baitak Tower, Ahmed Al Jaber Street، ص.ب 3946، الكويت 13001 pitchbook+2",https://www.kispventures.com,
,Faith Capital,الكويت (مدينة الكويت),"Floor 65, Al Hamra Tower, Al-Shuhada Street, Sharq، ص.ب 15459، الكويت cbinsights+2",https://www.faithcapital.com,
,Kuwait Life Sciences Company,الكويت (مدينة الكويت),"KIPCO Tower, 25th/27th Floor, Al Shuhadaa Street, Sharq، ص.ب 25363، صفاة 25363، الكويت pitchbook+2",https://www.klsc.com.kw,
,الشركة,المقر (المدينة/المنطقة),العنوان التفصيلي (إن وُجد),الموقع الإلكتروني,
,Wa'ed Ventures,الظهران، السعودية,"Innovation Cluster Building, Dhahran Techno Valley، الظهران 31311 / 8783 Ibn Alhaitham Street، DTV، الظهران 34464",https://www.waed.com,
,SVC – Saudi Venture Capital,الرياض، السعودية,"Building No. 5.08, Al Aqiq, King Abdullah Financial District, Area 5، الرياض 11564 / King Abdullah Financial District (KAFD)، الرياض privateequityinternational+2",https://svc.com.sa,
,الشركة,المقر (المدينة/المنطقة),العنوان التفصيلي (إن وُجد),الموقع الإلكتروني,
,Flat6Labs Tunisia,تونس، تونس,15 Av. De Carthage، تونس eina4jobs,https://flat6labs.com,
,,,,,
,Sawari Ventures,القاهرة، مصر (مقر رئيسي),"1 Dr. Mohamed Sobhy Street, Giza، الجيزة / One Drive Mohamed Sobhy, 4th Floor، القاهرة",https://www.sawari.com,
,Sanabil Investments,الرياض، السعودية,"Al Faisaliah Tower, 24th Floor, King Fahd Road، ص.ب 19078، الرياض 11435 privateequityinternational+2",https://sanabil.com,
,Jada Fund of Funds,الرياض، السعودية,"3711 King Abdullah Branch Road, King Salman District، الرياض 12445 / KAFD, 2877 Al Aqeeq District, Unit No. 4897، الرياض 13519 privateequityinternational+2",https://jada.com.sa,
,Wa'ed,الظهران، السعودية,"Innovation Cluster Building, Dhahran Techno Valley، الظهران 31311 / 8783 Ibn Alhaitham Street، DTV، الظهران 34464",https://www.waed.com,
,RZM Investment,الرياض، السعودية,"Alhassan bin Ali Street, AlRawdhah (Exit 11)، الرياض 13213",https://rzm.com.sa,
,Merak Capital,الرياض، السعودية,"2nd Floor, 6959 Prince Turki Ibn Abdulaziz Al Awwal Rd, Al Mohammadiyyah، الرياض 12364",https://merakcapital.com,
,Khwarizmi Ventures,الرياض / الدمام، السعودية,"الرياض: Al Aqiq، الرياض 13515 / الدمام: Abu Hafs bn Burd Street, Al Khaldeyah Al Janubiyah، ص.ب 9691، الدمام 31423",https://khwarizmiventures.com,
,Vision Ventures,الدمام، السعودية,"2nd Floor, Al-Dabal Commercial Tower (ACT), Prince Mohammad Street، الدمام 32425",https://visionventures.co,
,Seedra Ventures,الرياض، السعودية,"7852 King Khaled Branch Road, Al Salmaniyah، الرياض 13715 / 2398 Syed Ibn Amir, An Nakheel، الرياض 12395 pitchbook+2",https://seedraventures.com,
,,,,,
,B&Y Venture Partners,أبوظبي، الإمارات,"Office 14-118, Floor 14, WeWork Hub71, Al Khatem Tower, ADGM Square, Al Maryah Island، أبوظبي adgm+1",https://byvp.com,
,COTU Ventures,دبي، الإمارات,"One Central, Dubai / Building 12, Al Raya Street, City Walk، دبي",https://www.cotu.vc,
,الشركة,الدولة,المقر (المدينة/المنطقة),العنوان التفصيلي (إن وُجد),الموقع الإلكتروني
,Oasis500,الأردن,عمّان، الأردن,"King Hussein Business Park, Building #7، عمّان 11183 privateequityinternational+2",https://oasis500.com
,Beyond Capital,الأردن,عمّان، الأردن,7 Kamal Junblat Street، عمّان 11191 pitchbook+2,https://beyondcapital.vc
,Ibtikar Fund,فلسطين,رام الله، فلسطين,"PRICO House, 54 Khalil Abu Raea Street, Office 302, Al Masyoun، رام الله / Ein Misbah، رام الله linkedin+1",https://ibtikar.fund
,Sadara Ventures,فلسطين,البيرة/رام الله، فلسطين,"100 Al-Kawthar Street, 3rd Floor, Al-Bireh، رام الله pitchbook+2",https://sadaraventures.com
,Arzan Venture Capital,الكويت,مدينة الكويت، الكويت,"Arzan Tower, 12th Floor, Ahmad Al-Jabber Street, Al Sharq، ص.ب 26442، صفاة 13125",https://arzanvc.com
,Impuls International,الكويت,مدينة الكويت، الكويت,"KIPCO Tower, 25th/27th Floor, Al Shuhadaa Street, Sharq، ص.ب 2294، صفاة 13023 pitchbook+2",https://impulsinternational.com
,KISP Ventures,الكويت,مدينة الكويت، الكويت,"KIPCO Tower, 25th Floor / 33rd Floor, Baitak Tower, Ahmed Al Jaber Street، ص.ب 3946، الكويت 13001",https://kispventures.com
,Rasmal Ventures,قطر,الدوحة، قطر,"Office 1505, Floor 15, Burj Al Fardan, Marina District، ص.ب 26660، الدوحة privateequityinternational+2",https://rasmalventures.com
,Doha Tech Angels,قطر,الدوحة، قطر,"Old Airport Road, Sultan Bin Al Jaber, Building 127, 2nd Floor، الدوحة / D Ring Road, Building No. 131، ص.ب 2116، الدوحة cbinsights+2",https://dohatechangels.com
,Qatar Development Bank (QDB),قطر,الدوحة، قطر,Grand Hamad Street، ص.ب 22789، الدوحة qdb+2,https://www.qdb.qa
,Qatar Science & Technology Park (QSTP),قطر,الدوحة، قطر,"Education City، ص.ب 210000، الدوحة / Al Luqta Street, Zone 51, Al Rayyan qf+2",https://qstp.org.qa
,Startup Qatar,قطر,الدوحة، قطر,الدوحة، قطر (العنوان التفصيلي غير مُعلن بشكل رسمي في المصادر المفتوحة) qdb,https://startupqatar.qa
,Oman Technology Fund (OTF),عُمان,مسقط، عُمان,"Knowledge Oasis Muscat (KOM), Ground Floor، مسقط 113 cbinsights+2",https://otf.om
,Phaze Ventures,عُمان,مسقط، عُمان,"Dohat Al Adab Street, Al Rudh'a, Madinat Al Sultan Qaboos، مسقط 112 / P.O. Box 1618, Ruwi، مسقط pitchbook+2",https://phazeventures.com
,Jasoor Ventures,عُمان,مسقط، عُمان,مسقط، عُمان (تابع لـ OTF – Knowledge Oasis Muscat) app.dealroom+1,https://jasoor.vc
,Oman Investment Authority – Future Fund Oman,عُمان,مسقط، عُمان,"Building No. 70, 3430 Arab League Street, Al Khuwair، مسقط 100 / Beach One Building, Level 5, Shati Al Qurum، ص.ب 188، مسقط privateequityinternational+2",https://oia.gov.om
,الشركة,الدولة,المقر (المدينة/المنطقة),العنوان التفصيلي (إن وُجد),الموقع الإلكتروني
,Al Madina Investment,عُمان,مسقط، عُمان,"Tilal Offices, Block 6, 4th Floor, Muscat Grand Mall, Ruwi، ص.ب 171، مسقط 112 pitchbook+2",https://almadinainvestment.com
,Tenmou,البحرين,المنامة، البحرين,"The Terminal, Block 338, Adliya، المنامة",https://www.tenmou.me
,Hope Ventures,البحرين,المنامة، البحرين,"Building 2102, Road 2825, Flat 1390, Block 428, Al Seef، المنامة",https://hopefund.bh
,Bahrain Development Bank,البحرين,المنامة، البحرين,"Building 170, Road 1703, Diplomatic Area، ص.ب 20501، المنامة",https://www.bdb-bh.com
,Bahrain Economic Development Board – StartUp Bahrain,البحرين,المنامة، البحرين,"3rd Floor, Arcapita, Bahrain Bay، ص.ب 11299، المنامة bahrainedb+1",https://startupbahrain.com
,Algebra Ventures II,مصر,القاهرة، مصر,القاهرة، مصر (العنوان التفصيلي غير مُعلن بشكل رسمي في المصادر المفتوحة),https://algebraventures.com
,Acasia Ventures,مصر,القاهرة، مصر,"Consoleya, 5 El-Fadl, Bab Al Louq, Abdeen، القاهرة 11513",https://acasiaventures.com
,Foundation Ventures,مصر,القاهرة، مصر,"Building 10, Road 212, Maadi، القاهرة / 23a Ismail Mohamed Street, El Zamalek، القاهرة",https://foundationventures.com
,Cairo Angels Syndicate Fund,مصر,القاهرة، مصر,"28 Falaki Street, Bab El Louk, Office 204, Falaki Building، القاهرة 11513",https://cairoangels.com
,Falak Startups,مصر,القاهرة، مصر,"28 El Falaki Street, The Greek Campus, Bab El Louk، القاهرة 11513 linkedin+2",https://falakstartups.com.eg
,AUC Venture Lab,مصر,القاهرة الجديدة، مصر,"AUC Avenue, P.O. Box 74, New Cairo 11835 / Parcel 8, 74 S Teseen، القاهرة الجديدة aucegypt+2",https://business.aucegypt.edu/venture-lab
,500 Global – MENA,المنطقة (دبي/أبو ظبي),دبي، الإمارات,"Dubai Media City, Building 1, 3rd Floor, Office 312، ص.ب 502342، دبي / المقر العالمي: 400 Hamilton Ave, Palo Alto, CA 94301، USA privateequityinternational+2",https://500.co
,Antler MENA,المنطقة (دبي/الرياض),دبي، الإمارات,Dubai، الإمارات (العنوان التفصيلي غير مُعلن بشكل رسمي في المصادر المفتوحة) / المقر العالمي: لندن، المملكة المتحدة antler+1,https://www.antler.co
,Endeavor Catalyst,المنطقة (نيويورك/المنطقة),نيويورك، الولايات المتحدة,"28 Liberty Street, 53rd Floor, New York, NY 10005، USA fconline.foundationcenter+2",https://endeavor.org/catalyst
,Endure Capital,المنطقة / مصر,القاهرة / بالو ألتو، الولايات المتحدة,"Cairo: District5 - Marakez, Ain El Sokhna Rd, New Cairo 3، القاهرة 11865 / Palo Alto: Hamilton Ave, Palo Alto, CA 94301، USA / Dubai: Business Center 1, M Floor, The Meydan Hotel، دبي",https://endurecap.com
,الشركة,الدولة,المقر (المدينة/المنطقة),العنوان التفصيلي (إن وُجد),الموقع الإلكتروني
,Cedar Mundi Ventures,لبنان,بيروت، لبنان,"Sodeco Square Center, Block B, 5th Floor، بيروت 1202-2062 / المقر العالمي: Hogarth House, 136 High Holborn, London, WC1V 6PX، UK cbinsights+2",https://cedarmundiventures.com
,IM Capital,لبنان,بيروت، لبنان,"Berytech Building, Suite 1294, Beirut Digital District, Bechara El Khoury Street, Bachoura، بيروت 1107 2240 cbinsights+2",https://im-capital.com
,B&Y Venture Partners – Lebanon,لبنان / المنطقة,أبوظبي، الإمارات (مقر رئيسي),"Office 14-118, Floor 14, WeWork Hub71, Al Khatem Tower, ADGM Square, Al Maryah Island، أبوظبي / لها نشاط في لبنان والمنطقة",https://byvp.com
,Phoenician Funds,لبنان,بيروت، لبنان,"Lot 157, 3rd Floor, Saad Zaghloul Street, Marfaa Section 8, Downtown Beirut، بيروت 1107 / المقر الإقليمي: Office 15-113, 15th Floor, Al Khatem Tower, ADGM Square، أبوظبي cbinsights+2",https://phoenicianfunds.com
,Flat6Labs Beirut,لبنان,بيروت، لبنان,"BDD 740, Ground Floor, Tyane Street, Beirut Digital District، بيروت deelproject+2",https://flat6labs.com
,Middle East Venture Partners – Lebanon,لبنان / المنطقة,دبي، الإمارات (مقر رئيسي),"Emirates Financial Towers, South Tower, Suite 2402, DIFC، دبي / لها نشاط في لبنان والمنطقة",https://mevp.com
,B&Y Venture Partners – Jordan,الأردن / المنطقة,أبوظبي، الإمارات (مقر رئيسي),"Office 14-118, Floor 14, WeWork Hub71, Al Khatem Tower, ADGM Square, Al Maryah Island، أبوظبي / لها نشاط في الأردن والمنطقة",https://byvp.com
,ZINC – Zain Innovation Campus,الأردن,عمّان، الأردن,King Hussein Business Park، عمّان arageek,https://zinc.jo
,ISSF – Innovative Startups and SMEs Fund,الأردن,عمّان، الأردن,"3rd Circle, Tawfiq Abu Al-Huda St, Middle East Insurance Company Building, 1st Floor، عمّان 11193 zawya+2",https://issfjo.com
,Jordan Enterprise Development Corporation – JEDCO,الأردن,عمّان، الأردن,"P.O. Box 7704، عمّان 11118 / Ekremah Al-Qurayshi St, Al Abdali، عمّان atfp+2",https://jedco.gov.jo
,Flat6Labs Amman,الأردن,عمّان، الأردن,عمّان، الأردن (العنوان التفصيلي غير مُعلن بشكل رسمي في المصادر المفتوحة),https://flat6labs.com
,Oasis500 Fund,الأردن,عمّان، الأردن,"King Hussein Business Park, Building #7، عمّان 11183",https://oasis500.com
,216 Capital,تونس,تونس، تونس,Centre Urbain Nord، تونس linkedin,https://216capital.com
,Capsa Capital Partners,تونس,تونس، تونس,"10 Bis Rue Mahmoud El Matri, Mutuelleville، تونس 1002 cmf+2",https://capsacapital.com
,Flat6Labs Tunis,تونس,تونس، تونس,15 Av. De Carthage، تونس,https://flat6labs.com
,Smart Capital,تونس,تونس، تونس,"Immeuble Saphir, Avenue du Dinar, Les Berges du Lac 2، تونس 1053 pitchbook+2",https://smartcapital.tn
,Startup Tunisia,تونس,تونس، تونس,"Bloc A, Immeuble Saphir, Avenue Du Dinar، تونس 1053 / Cosmos Way, Galaxy Heights، تونس dharab+1",https://startup.gov.tn
,UM6P Ventures,المغرب,بن جرير / الدار البيضاء، المغرب,"المقر الرئيسي: Lot 660, Hay Moulay Rachid, Ben Guérir 43150 / مكتب الدار البيضاء: Complexe PARANFA, 2 rue Koronfal, Anfa، الدار البيضاء um6p+2",https://um6pventures.com
,Algeria Venture,الجزائر,الجزائر، الجزائر,"Dounia Parc, Route d'Ouled Fayet, Dely Ibrahim، الجزائر 16047 cbinsights+2",https://algeriaventure.dz
,الشركة,الدولة,المقر (المدينة/المنطقة),العنوان التفصيلي (إن وُجد),الموقع الإلكتروني
,Cedar Mundi Ventures,لبنان,بيروت، لبنان,"Sodeco Square Center, Block B, 5th Floor، بيروت 1202-2062 / المقر العالمي: Hogarth House, 136 High Holborn, London, WC1V 6PX، UK cbinsights+2",https://cedarmundiventures.com
,IM Capital,لبنان,بيروت، لبنان,"Berytech Building, Suite 1294, Beirut Digital District, Bechara El Khoury Street, Bachoura، بيروت 1107 2240 cbinsights+2",https://im-capital.com
,B&Y Venture Partners – Lebanon,لبنان / المنطقة,أبوظبي، الإمارات (مقر رئيسي),"Office 14-118, Floor 14, WeWork Hub71, Al Khatem Tower, ADGM Square, Al Maryah Island، أبوظبي / لها نشاط في لبنان والمنطقة",https://byvp.com
,Phoenician Funds,لبنان,بيروت، لبنان,"Lot 157, 3rd Floor, Saad Zaghloul Street, Marfaa Section 8, Downtown Beirut، بيروت 1107 / المقر الإقليمي: Office 15-113, 15th Floor, Al Khatem Tower, ADGM Square، أبوظبي cbinsights+2",https://phoenicianfunds.com
,Flat6Labs Beirut,لبنان,بيروت، لبنان,"BDD 740, Ground Floor, Tyane Street, Beirut Digital District، بيروت deelproject+2",https://flat6labs.com
,Middle East Venture Partners – Lebanon,لبنان / المنطقة,دبي، الإمارات (مقر رئيسي),"Emirates Financial Towers, South Tower, Suite 2402, DIFC، دبي / لها نشاط في لبنان والمنطقة",https://mevp.com
,B&Y Venture Partners – Jordan,الأردن / المنطقة,أبوظبي، الإمارات (مقر رئيسي),"Office 14-118, Floor 14, WeWork Hub71, Al Khatem Tower, ADGM Square, Al Maryah Island، أبوظبي / لها نشاط في الأردن والمنطقة",https://byvp.com
,ZINC – Zain Innovation Campus,الأردن,عمّان، الأردن,King Hussein Business Park، عمّان arageek,https://zinc.jo
,ISSF – Innovative Startups and SMEs Fund,الأردن,عمّان، الأردن,"3rd Circle, Tawfiq Abu Al-Huda St, Middle East Insurance Company Building, 1st Floor، عمّان 11193 zawya+2",https://issfjo.com
,Jordan Enterprise Development Corporation – JEDCO,الأردن,عمّان، الأردن,"P.O. Box 7704، عمّان 11118 / Ekremah Al-Qurayshi St, Al Abdali، عمّان atfp+2",https://jedco.gov.jo
,Flat6Labs Amman,الأردن,عمّان، الأردن,عمّان، الأردن (العنوان التفصيلي غير مُعلن بشكل رسمي في المصادر المفتوحة),https://flat6labs.com
,Oasis500 Fund,الأردن,عمّان، الأردن,"King Hussein Business Park, Building #7، عمّان 11183",https://oasis500.com
,216 Capital,تونس,تونس، تونس,Centre Urbain Nord، تونس linkedin,https://216capital.com
,Capsa Capital Partners,تونس,تونس، تونس,"10 Bis Rue Mahmoud El Matri, Mutuelleville، تونس 1002 cmf+2",https://capsacapital.com
,Flat6Labs Tunis,تونس,تونس، تونس,15 Av. De Carthage، تونس,https://flat6labs.com
,Smart Capital,تونس,تونس، تونس,"Immeuble Saphir, Avenue du Dinar, Les Berges du Lac 2، تونس 1053 pitchbook+2",https://smartcapital.tn
,Startup Tunisia,تونس,تونس، تونس,"Bloc A, Immeuble Saphir, Avenue Du Dinar، تونس 1053 / Cosmos Way, Galaxy Heights، تونس dharab+1",https://startup.gov.tn
,UM6P Ventures,المغرب,بن جرير / الدار البيضاء، المغرب,"المقر الرئيسي: Lot 660, Hay Moulay Rachid, Ben Guérir 43150 / مكتب الدار البيضاء: Complexe PARANFA, 2 rue Koronfal, Anfa، الدار البيضاء um6p+2",https://um6pventures.com
,Algeria Venture,الجزائر,الجزائر، الجزائر,"Dounia Parc, Route d'Ouled Fayet, Dely Ibrahim، الجزائر 16047 cbinsights+2",https://algeriaventure.dz
,الشركة,الدولة,المقر (المدينة/المنطقة),العنوان التفصيلي (إن وُجد),الموقع الإلكتروني
,Flat6Labs Algeria,الجزائر,الجزائر، الجزائر,الجزائر، الجزائر (العنوان التفصيلي غير مُعلن بشكل رسمي في المصادر المفتوحة) simplify,https://flat6labs.com
,MENA Fund,الجزائر / المنطقة,المنطقة (العنوان غير مُعلن),العنوان التفصيلي غير مُعلن بشكل رسمي في المصادر المفتوحة lei.bloomberg,https://menafund.com
,ASF – Algerian Startup Fund,الجزائر,الجزائر، الجزائر,"46 Boulevard Mohamed V, Alger Centre، الجزائر 16000 pitchbook+2",https://asf.dz
,ANPT – National Agency for Promotion of Technology Parks,الجزائر,الجزائر، الجزائر,"Cyber Parc de Sidi Abdellah, Rahmania Zéralda، الجزائر 16063 asjp.cerist+2",https://www.anpt.dz
,Algerian Business Angels Network,الجزائر,الجزائر، الجزائر,"Dounia Parc, Dely Ibrahim، الجزائر 16000 / المقر الحالي: القاهرة، مصر (منذ 2026) abanangels+2",https://aban.dz
,Morocco Venture Capital,المغرب,الدار البيضاء، المغرب,"Tour Crystal 3, Bd Sidi Mohamed Ben Abdellah، الدار البيضاء 20100 / 350 SE 2nd Street, Suite 2220, Fort Lauderdale, FL 33301، USA marocventurecapital",https://moroccoventurecapital.com
,CDG Invest – Génération Entrepreneurs,المغرب,الرباط، المغرب,"Mahaj Ryad Center, Immeuble Business 7, 3ème Etage, Hay Riad، الرباط 10100",https://www.cdg-invest.ma
,Maroc Numeric Fund,المغرب,الدار البيضاء، المغرب,"Technopark, Route de Nouacer، الدار البيضاء 20150 privateequityinternational+2",https://www.marocnumericfund.ma
,MNF Club,المغرب,الدار البيضاء، المغرب,"Technopark, Route de Nouacer، الدار البيضاء 20150 privateequityinternational+2",https://mnfclub.ma
,212 Founders Fund,المغرب,الدار البيضاء، المغرب,"6ème étage, 60 Main Street, CFC، الدار البيضاء 20250 / 179 Angle des Boulevards de Londres et de la Résistance، الدار البيضاء 20250",https://212founders.co
,Afrimobility,المغرب,الدار البيضاء، المغرب,الدار البيضاء، المغرب (العنوان التفصيلي غير مُعلن بشكل رسمي في المصادر المفتوحة) marocventurecapital,https://afrimobility.com
,Azur Innovation Fund,المغرب,الدار البيضاء، المغرب,"117, Avenue Hassan II, Immeuble Blue Park, 11th Floor، الدار البيضاء 20370",https://azurinnovationfund.com
,UM6P Ventures,المغرب,بن جرير / الدار البيضاء، المغرب,"المقر الرئيسي: Lot 660, Hay Moulay Rachid, Ben Guérir 43150 / مكتب الدار البيضاء: Complexe PARANFA, 2 rue Koronfal, Anfa، الدار البيضاء",https://um6pventures.com
,AfricInvest,تونس / أفريقيا,تونس، تونس,"Immeuble Integra, Centre Urbain Nord، تونس 1082 / North Urban Center، تونس 1082",https://www.africinvest.com
,Flat6Labs Tunis Fund,تونس,تونس، تونس,15 Av. De Carthage، تونس,https://flat6labs.com
,Carthage Business Angels,تونس,تونس، تونس,تونس، تونس (العنوان التفصيلي غير مُعلن بشكل رسمي في المصادر المفتوحة) mdici.gov,https://carthagebusinessangels.com
,Tunisia Investment Authority,تونس,تونس، تونس,"Rue du Lac Huron, Les Berges du Lac 1، تونس 1053 mdici.gov+2",https://tia.gov.tn
,Smart Capital – Startup Act Ecosystem,تونس,تونس، تونس,"Immeuble Saphir, Avenue du Dinar, Les Berges du Lac 2، تونس 1053",https://smartcapital.tn
,216 Capital Fund,تونس,تونس، تونس,Centre Urbain Nord، تونس,https://216capital.com
,Carthage Innovation Fund,تونس,تونس، تونس,تونس، تونس (العنوان التفصيلي غير مُعلن بشكل رسمي في المصادر المفتوحة) mdici.gov,https://cif.tn
,Flat6Labs Iraq,العراق,بغداد، العراق,بغداد، العراق (العنوان التفصيلي غير مُعلن بشكل رسمي في المصادر المفتوحة) flat6labs+1,https://flat6labs.com
,Iraq Venture Partners,العراق,بغداد، العراق,"14 Ramadan, Area 607, Al Mansour، بغداد 64030 / مكتب دبي: Building A1, Dubai Digital Park, Dubai Silicon Oasis، دبي pitchbook+2",https://iraqventurepartners.com
,Kapita,العراق,بغداد، العراق,"KAPITA Business Hub, Al Mansoor، بغداد ecosystem.andorra-startup+2",https://kapita.iq
الشركة,الدولة,المقر (المدينة/المنطقة),العنوان التفصيلي (إن وُجد),الموقع الإلكتروني,
Saudi Industrial Development Fund – SIDF,السعودية,الرياض، السعودية,"King Abdullah Financial District – Al Aqeeq District, Unit No. 2، الرياض 13519-6483 sidf.gov+2",https://www.sidf.gov.sa,
Aramco Ventures,السعودية,الظهران، السعودية,"Al-Midra Tower, 11th Floor, West Wing، الظهران 31311 / AMAAD Business Park, Tower 8, 8th Floor، الظهران 34464 pitchbook+2",https://aramcoventures.com,
Wa'ed Entrepreneurship Center,السعودية,الظهران، السعودية,"Innovation Cluster Building, Dhahran Techno Valley، الظهران 31311 / 8783 Ibn Alhaitham Street، DTV، الظهران 34464",https://www.waed.com,
STC Ventures,السعودية,الرياض، السعودية,"STC Headquarters, King Abdulaziz Road، الرياض 11432 pitchbook",https://www.stc.com.sa,
SABIC Ventures,السعودية,الرياض، السعودية,"SABIC Headquarters, King Saud Road، الرياض 11422 pitchbook",https://www.sabic.com,
NEOM Investment Fund,السعودية,نيوم، السعودية,"NEOM Headquarters, Tabuk Region، السعودية pitchbook",https://www.neom.com,
Al Rajhi Partners,السعودية,الرياض، السعودية,"7973 Abi Bakr As Siddiq Road, King Salman District، الرياض 13323 privateequityinternational+2",https://www.alrajhi.com,
Misk Accelerator Fund,السعودية,الرياض، السعودية,"Misk City, Al-Sefarat Dist, Abdullah Al-Sahami Street، الرياض 12512 wipo+1",https://misk.org.sa,
KAUST Innovation Fund,السعودية,ثول، السعودية,"Building 34, KRTP HQ, Level 2، ثول 23955-6900 pitchbook+2",https://innovation.kaust.edu.sa,
KAUST Entrepreneurship Ventures,السعودية,ثول، السعودية,"Building 34, KRTP HQ, Level 2، ثول 23955-6900 pitchbook+2",https://innovation.kaust.edu.sa,
Emirates NBD Innovation Fund,الإمارات,دبي، الإمارات,"Emirates NBD Headquarters, Baniyas Road, Deira، دبي wipo",https://www.emiratesnbd.com,
Mashreq Ventures,الإمارات,دبي، الإمارات,"Mashreq Headquarters, Trade Centre 2، دبي wipo",https://www.mashreq.com,
FAB Ventures,الإمارات,أبوظبي، الإمارات,"FAB Headquarters, Khalifa Business Park, Al Qurm، أبوظبي wipo",https://www.bankfab.com,
ADNOC Ventures,الإمارات,أبوظبي، الإمارات,"ADNOC HQ, Corniche Road West، ص.ب 898، أبوظبي adnoc+2",https://www.adnoc.ae,
Etisalat by e& Ventures,الإمارات,أبوظبي، الإمارات,"e& Headquarters, Sheikh Rashid Bin Saeed Al Maktoum Street، ص.ب 3838، أبوظبي eand+2",https://www.eand.com,
e& Capital,الإمارات,أبوظبي، الإمارات,"e& Headquarters, Sheikh Rashid Bin Saeed Al Maktoum Street، ص.ب 3838، أبوظبي eand+2",https://www.eand.com,
ADNOC Digital Ventures,الإمارات,أبوظبي، الإمارات,"ADNOC HQ, Corniche Road West، ص.ب 898، أبوظبي adnoc+2",https://www.adnoc.ae,
Emirates Post Group Ventures,الإمارات,أبوظبي، الإمارات,Emirates Post Group Headquarters، أبوظبي wipo,https://www.emiratespost.ae,
DP World Ventures,الإمارات,دبي، الإمارات,"DP World Headquarters, JAFZA One، دبي wipo",https://www.dpworld.com,
Majid Al Futtaim Ventures,الإمارات,دبي، الإمارات,"Majid Al Futtaim Headquarters, Al Barsha، دبي wipo",https://www.majidalfuttaim.com,
Al-Futtaim Ventures,الإمارات,دبي، الإمارات,"Al-Futtaim Group Headquarters, Jaddaf Waterfront، دبي wipo",https://www.alfuttaim.com,
Emaar Ventures,الإمارات,دبي، الإمارات,"Emaar Headquarters, Downtown Dubai، دبي wipo",https://www.emaar.com,
Qatar Investment Authority – Tech Investments,قطر,الدوحة، قطر,"Ooredoo Tower (Building 14), Dafna Street, Al Dafna District، ص.ب 23224، الدوحة qia+2",https://www.qia.qa,
Qatar FinTech Circle,قطر,الدوحة، قطر,Grand Hamad Street، الدوحة zoominfo+1,https://qatarfintechhub.com,
Qatar FinTech Hub,قطر,الدوحة، قطر,Grand Hamad Street، الدوحة zoominfo+2,https://qatarfintechhub.com,
Oman Startup Hub,عُمان,مسقط، عُمان,Knowledge Oasis Muscat (KOM)، مسقط wipo,https://omanstartuphub.com,